{
  "pima_student_classic_smoke": {
    "auc": {
      "mean": 0.763544776119403,
      "std": 0.03935074626865681
    },
    "f1": {
      "mean": 0.2725409836065574,
      "std": 0.2725409836065574
    },
    "acc": {
      "mean": 0.5364583333333333,
      "std": 0.11458333333333331
    },
    "mcc": {
      "mean": 0.0963849479102312,
      "std": 0.0963849479102312
    },
    "precision": {
      "mean": 0.18785310734463276,
      "std": 0.18785310734463276
    },
    "recall": {
      "mean": 0.4962686567164179,
      "std": 0.4962686567164179
    },
    "train_time": {
      "mean": 0.0129355192184448,
      "std": 0.0002943277359008997
    },
    "infer_time": {
      "mean": 4.208087921142578e-05,
      "std": 2.0265579223632812e-06
    }
  },
  "pima_student_hybrid_kd_smoke": {
    "auc": {
      "mean": 0.7636567164179104,
      "std": 0.025000000000000078
    },
    "f1": {
      "mean": 0.0,
      "std": 0.0
    },
    "acc": {
      "mean": 0.6510416666666666,
      "std": 0.0
    },
    "mcc": {
      "mean": 0.0,
      "std": 0.0
    },
    "precision": {
      "mean": 0.0,
      "std": 0.0
    },
    "recall": {
      "mean": 0.0,
      "std": 0.0
    },
    "train_time": {
      "mean": 24.395384907722473,
      "std": 0.041473984718322754
    },
    "infer_time": {
      "mean": 0.43605554103851313,
      "std": 0.0017546415328979492
    }
  }
}