{
  "4": {
    "auc": {
      "mean": 0.9924,
      "std": 0.0088
    },
    "f1": {
      "mean": 0.9423,
      "std": 0.0191
    },
    "acc": {
      "mean": 0.9561,
      "std": 0.0156
    },
    "mcc": {
      "mean": 0.9103,
      "std": 0.03
    },
    "train_time": {
      "mean": 376.56,
      "std": 14.233284933563294
    }
  },
  "6": {
    "auc": {
      "mean": 0.9926,
      "std": 0.0072
    },
    "f1": {
      "mean": 0.9538,
      "std": 0.0175
    },
    "acc": {
      "mean": 0.9649,
      "std": 0.0146
    },
    "mcc": {
      "mean": 0.9283,
      "std": 0.0274
    },
    "train_time": {
      "mean": 359.8,
      "std": 22.426502179341295
    }
  },
  "8": {
    "auc": {
      "mean": 0.9888,
      "std": 0.0108
    },
    "f1": {
      "mean": 0.9668,
      "std": 0.0119
    },
    "acc": {
      "mean": 0.9754,
      "std": 0.0086
    },
    "mcc": {
      "mean": 0.9488,
      "std": 0.0178
    },
    "train_time": {
      "mean": 368.64,
      "std": 18.72331167288522
    }
  }
}