{
  "0.3": {
    "auc": {
      "mean": 0.9920165697024524,
      "std": 0.00816437606690349
    },
    "f1": {
      "mean": 0.9358134238463212,
      "std": 0.03028610146781422
    },
    "acc": {
      "mean": 0.9526005278683435,
      "std": 0.02115468561994334
    },
    "mcc": {
      "mean": 0.9012847247004767,
      "std": 0.04398017660000636
    },
    "precision": {
      "mean": 0.9422970425356428,
      "std": 0.04402140638610768
    },
    "recall": {
      "mean": 0.9343300110741971,
      "std": 0.06474722334810734
    },
    "train_time": {
      "mean": 404.2013825893402,
      "std": 77.92216692604828
    },
    "infer_time": {
      "mean": 0.1210046291351318,
      "std": 0.0028744092559788194
    }
  },
  "0.5": {
    "auc": {
      "mean": 0.9917507846389274,
      "std": 0.0066633820027585545
    },
    "f1": {
      "mean": 0.951036493778699,
      "std": 0.018560654149689576
    },
    "acc": {
      "mean": 0.9631268436578171,
      "std": 0.015052168694445069
    },
    "mcc": {
      "mean": 0.9230822635783739,
      "std": 0.03018753092601419
    },
    "precision": {
      "mean": 0.9516666666666665,
      "std": 0.04390646624106497
    },
    "recall": {
      "mean": 0.9529346622369879,
      "std": 0.0331301778552638
    },
    "train_time": {
      "mean": 449.3971880435944,
      "std": 3.6927413733496146
    },
    "infer_time": {
      "mean": 0.12808403968811027,
      "std": 0.0034873308290325937
    }
  },
  "0.7": {
    "auc": {
      "mean": 0.9902925953654744,
      "std": 0.007078532110724958
    },
    "f1": {
      "mean": 0.9504258236735291,
      "std": 0.018728555558287684
    },
    "acc": {
      "mean": 0.9631268436578171,
      "std": 0.013992465160479039
    },
    "mcc": {
      "mean": 0.9239535579647213,
      "std": 0.027652482382260795
    },
    "precision": {
      "mean": 0.9571768707482992,
      "std": 0.04667782139943377
    },
    "recall": {
      "mean": 0.9482834994462902,
      "std": 0.05189723719019312
    },
    "train_time": {
      "mean": 436.90102376937864,
      "std": 82.21979716825432
    },
    "infer_time": {
      "mean": 0.12203168869018548,
      "std": 0.001975397180585714
    }
  }
}