{
  "weak": {
    "hidden_dims": [
      32,
      16
    ],
    "n_params": 705,
    "teacher": {
      "auc": {
        "mean": 0.9940646246124464,
        "std": 0.005637848167069311
      },
      "f1": {
        "mean": 0.9362159245908218,
        "std": 0.022282565551892657
      },
      "acc": {
        "mean": 0.952585002328831,
        "std": 0.01620939192378399
      },
      "mcc": {
        "mean": 0.9016569000676311,
        "std": 0.03326336601150712
      },
      "precision": {
        "mean": 0.9433179988499137,
        "std": 0.049464233704955014
      },
      "recall": {
        "mean": 0.93421926910299,
        "std": 0.055875223449919305
      },
      "train_time": {
        "mean": 1.1097354888916016,
        "std": 0.07538570085778039
      }
    },
    "hybrid_kd": {
      "auc": {
        "mean": 0.9934242838599209,
        "std": 0.005833005523737798
      },
      "f1": {
        "mean": 0.9420137585991245,
        "std": 0.019380192029190408
      },
      "acc": {
        "mean": 0.9561092997981678,
        "std": 0.01563966746677898
      },
      "mcc": {
        "mean": 0.9093803316519145,
        "std": 0.030962940909378206
      },
      "precision": {
        "mean": 0.9398717948717948,
        "std": 0.053768870057359704
      },
      "recall": {
        "mean": 0.9482834994462902,
        "std": 0.0401454538235232
      },
      "train_time": {
        "mean": 1501.4481288909913,
        "std": 18.247036460767323
      }
    }
  },
  "strong": {
    "hidden_dims": [
      128,
      64
    ],
    "n_params": 8961,
    "teacher": {
      "auc": {
        "mean": 0.9932738116901234,
        "std": 0.005489071927676697
      },
      "f1": {
        "mean": 0.940535709397498,
        "std": 0.01535226743272386
      },
      "acc": {
        "mean": 0.9560782487191428,
        "std": 0.011047204158638906
      },
      "mcc": {
        "mean": 0.9082458268925235,
        "std": 0.02312270315122922
      },
      "precision": {
        "mean": 0.9510689420127563,
        "std": 0.04055873132113567
      },
      "recall": {
        "mean": 0.934108527131783,
        "std": 0.04994941696325372
      },
      "train_time": {
        "mean": 1.2302027702331544,
        "std": 0.055300338672500615
      }
    },
    "hybrid_kd": {
      "auc": {
        "mean": 0.9893823752159815,
        "std": 0.00917278325246926
      },
      "f1": {
        "mean": 0.9476787656367918,
        "std": 0.030780061499637558
      },
      "acc": {
        "mean": 0.9613724576929048,
        "std": 0.022574828498321483
      },
      "mcc": {
        "mean": 0.9195829975654577,
        "std": 0.04651915630512294
      },
      "precision": {
        "mean": 0.9605036855036854,
        "std": 0.04609074006444261
      },
      "recall": {
        "mean": 0.9389811738648948,
        "std": 0.0562045779806305
      },
      "train_time": {
        "mean": 1406.4620277881622,
        "std": 73.58947581562671
      }
    }
  }
}