{
  "front": {
    "auc": {
      "mean": 0.6721,
      "std": 0.0638
    },
    "f1": {
      "mean": 0.056,
      "std": 0.112
    },
    "acc": {
      "mean": 0.6379,
      "std": 0.0234
    },
    "mcc": {
      "mean": 0.0577,
      "std": 0.1154
    },
    "train_time": {
      "mean": 226.78,
      "std": 3.9514048134808935
    }
  },
  "middle": {
    "auc": {
      "mean": 0.9894,
      "std": 0.0089
    },
    "f1": {
      "mean": 0.951,
      "std": 0.0262
    },
    "acc": {
      "mean": 0.9631,
      "std": 0.021
    },
    "mcc": {
      "mean": 0.9236,
      "std": 0.042
    },
    "train_time": {
      "mean": 384.56,
      "std": 35.79925138882098
    }
  },
  "tail": {
    "auc": {
      "mean": 0.9903,
      "std": 0.0073
    },
    "f1": {
      "mean": 0.9504,
      "std": 0.0187
    },
    "acc": {
      "mean": 0.9631,
      "std": 0.014
    },
    "mcc": {
      "mean": 0.924,
      "std": 0.0277
    },
    "train_time": {
      "mean": 347.34,
      "std": 68.03112816939021
    }
  }
}