{
  "heart": {
    "front": {
      "auc": {
        "mean": 0.5313333333333333,
        "std": 0.04684074674421356
      },
      "f1": {
        "mean": 0.0,
        "std": 0.0
      },
      "acc": {
        "mean": 0.5555555555555556,
        "std": 0.0
      },
      "mcc": {
        "mean": 0.0,
        "std": 0.0
      },
      "precision": {
        "mean": 0.0,
        "std": 0.0
      },
      "recall": {
        "mean": 0.0,
        "std": 0.0
      },
      "train_time": {
        "mean": 112.01347661018372,
        "std": 0.24342347733712635
      },
      "infer_time": {
        "mean": 0.10191265741984044,
        "std": 0.0028469521721420114
      }
    },
    "middle": {
      "auc": {
        "mean": 0.8923333333333333,
        "std": 0.012276897907135265
      },
      "f1": {
        "mean": 0.7998196065167145,
        "std": 0.010754093998228013
      },
      "acc": {
        "mean": 0.825925925925926,
        "std": 0.010475656017578498
      },
      "mcc": {
        "mean": 0.6490694377587818,
        "std": 0.021547963381321485
      },
      "precision": {
        "mean": 0.8213845774821383,
        "std": 0.04179374155702678
      },
      "recall": {
        "mean": 0.7833333333333332,
        "std": 0.04249182927993988
      },
      "train_time": {
        "mean": 252.7123019695282,
        "std": 100.44691006266955
      },
      "infer_time": {
        "mean": 0.09660538037617994,
        "std": 0.0023693965646172294
      }
    },
    "tail": {
      "auc": {
        "mean": 0.8756666666666667,
        "std": 0.02286676384818999
      },
      "f1": {
        "mean": 0.7731656789322049,
        "std": 0.047132581475838695
      },
      "acc": {
        "mean": 0.8000000000000002,
        "std": 0.0415739709641549
      },
      "mcc": {
        "mean": 0.5946840839044741,
        "std": 0.08450024212458634
      },
      "precision": {
        "mean": 0.7801805953282205,
        "std": 0.050687162824856136
      },
      "recall": {
        "mean": 0.7666666666666666,
        "std": 0.047140452079103216
      },
      "train_time": {
        "mean": 178.6187355518341,
        "std": 3.6186027594618966
      },
      "infer_time": {
        "mean": 0.10029657681783033,
        "std": 0.008974990400143913
      }
    }
  }
}