{
  "front": {
    "auc": {
      "mean": 0.601863131430084,
      "std": 0.011338047848164536
    },
    "f1": {
      "mean": 0.11675824175824173,
      "std": 0.0843709303636739
    },
    "acc": {
      "mean": 0.65234375,
      "std": 0.00318943976924893
    },
    "mcc": {
      "mean": 0.0641989322393056,
      "std": 0.0454024418510228
    },
    "precision": {
      "mean": 0.3444444444444444,
      "std": 0.24393887111222387
    },
    "recall": {
      "mean": 0.07070328755722013,
      "std": 0.05170813893482298
    },
    "train_time": {
      "mean": 300.3057777086894,
      "std": 2.8154116575262
    },
    "infer_time": {
      "mean": 0.2809162139892578,
      "std": 0.00417973646685534
    }
  },
  "middle": {
    "auc": {
      "mean": 0.7838017465662811,
      "std": 0.031103511643235143
    },
    "f1": {
      "mean": 0.5922721361904605,
      "std": 0.022320622717498163
    },
    "acc": {
      "mean": 0.7213541666666666,
      "std": 0.024773824987552668
    },
    "mcc": {
      "mean": 0.3821232564486197,
      "std": 0.045010532011386814
    },
    "precision": {
      "mean": 0.608873758957443,
      "std": 0.04383508218249627
    },
    "recall": {
      "mean": 0.5784436121514774,
      "std": 0.016821791869669353
    },
    "train_time": {
      "mean": 465.85897564888,
      "std": 55.1604139628428
    },
    "infer_time": {
      "mean": 0.27526672681172687,
      "std": 0.00867625879982781
    }
  },
  "tail": {
    "auc": {
      "mean": 0.7874780514328953,
      "std": 0.029772673680138584
    },
    "f1": {
      "mean": 0.5764080757866771,
      "std": 0.001604815906182804
    },
    "acc": {
      "mean": 0.7109375,
      "std": 0.02834836075140266
    },
    "mcc": {
      "mean": 0.3629991638473012,
      "std": 0.03416869349593142
    },
    "precision": {
      "mean": 0.6011517534453314,
      "std": 0.05699908498515225
    },
    "recall": {
      "mean": 0.56354556803995,
      "std": 0.05479383539971536
    },
    "train_time": {
      "mean": 491.3643860022227,
      "std": 5.726327781861705
    },
    "infer_time": {
      "mean": 0.25682862599690753,
      "std": 0.0026317500139277565
    }
  }
}