{
  "front": {
    "auc": {
      "mean": 0.5647222222222222,
      "std": 0.11585897664460791
    },
    "f1": {
      "mean": 0.0,
      "std": 0.0
    },
    "acc": {
      "mean": 0.5555555555555556,
      "std": 0.0
    },
    "mcc": {
      "mean": 0.0,
      "std": 0.0
    },
    "precision": {
      "mean": 0.0,
      "std": 0.0
    },
    "recall": {
      "mean": 0.0,
      "std": 0.0
    },
    "train_time": {
      "mean": 126.41748113632202,
      "std": 0.9175670723211743
    },
    "infer_time": {
      "mean": 0.05755548477172845,
      "std": 0.0026447083136574086
    }
  },
  "middle": {
    "auc": {
      "mean": 0.8841666666666667,
      "std": 0.060429277100294665
    },
    "f1": {
      "mean": 0.8120845903578824,
      "std": 0.07509819810476871
    },
    "acc": {
      "mean": 0.8333333333333333,
      "std": 0.06415002990995843
    },
    "mcc": {
      "mean": 0.6632127462916139,
      "std": 0.13086836406686275
    },
    "precision": {
      "mean": 0.8087505827505828,
      "std": 0.06457226577398302
    },
    "recall": {
      "mean": 0.8166666666666668,
      "std": 0.08975274678557504
    },
    "train_time": {
      "mean": 208.31218781471253,
      "std": 7.810216212774721
    },
    "infer_time": {
      "mean": 0.06351804733276359,
      "std": 0.010848527169269408
    }
  },
  "tail": {
    "auc": {
      "mean": 0.8844444444444445,
      "std": 0.07226174132457135
    },
    "f1": {
      "mean": 0.7989263910692481,
      "std": 0.07279825661409065
    },
    "acc": {
      "mean": 0.8185185185185185,
      "std": 0.06968476934158067
    },
    "mcc": {
      "mean": 0.6356831417001159,
      "std": 0.1371059419983794
    },
    "precision": {
      "mean": 0.7928095238095239,
      "std": 0.08074095640266049
    },
    "recall": {
      "mean": 0.8083333333333332,
      "std": 0.07728015412913085
    },
    "train_time": {
      "mean": 382.0491670608521,
      "std": 337.477831034606
    },
    "infer_time": {
      "mean": 0.05837445259094236,
      "std": 0.0036343795774742673
    }
  }
}