{
  "front": {
    "auc": {
      "mean": 0.5869252271139064,
      "std": 0.03442387566366261
    },
    "f1": {
      "mean": 0.08062343358395987,
      "std": 0.05103006504830809
    },
    "acc": {
      "mean": 0.6562431033019268,
      "std": 0.007817787726883301
    },
    "mcc": {
      "mean": 0.08872018261139838,
      "std": 0.061985264772485484
    },
    "precision": {
      "mean": 0.5575757575757575,
      "std": 0.3289519210936221
    },
    "recall": {
      "mean": 0.044933612858141125,
      "std": 0.03061689973628261
    },
    "train_time": {
      "mean": 470.5553824901581,
      "std": 207.60542606424738
    },
    "infer_time": {
      "mean": 0.1685024261474609,
      "std": 0.009396470864996589
    }
  },
  "middle": {
    "auc": {
      "mean": 0.7819881201956674,
      "std": 0.03360739141756072
    },
    "f1": {
      "mean": 0.5696433725005153,
      "std": 0.0669987226371356
    },
    "acc": {
      "mean": 0.7134538663950429,
      "std": 0.04332239970087396
    },
    "mcc": {
      "mean": 0.3584167695385867,
      "std": 0.0984114617798945
    },
    "precision": {
      "mean": 0.6012971823498139,
      "std": 0.07902357055354278
    },
    "recall": {
      "mean": 0.5445842068483577,
      "std": 0.07149588086014383
    },
    "train_time": {
      "mean": 611.1282207012176,
      "std": 17.03620369463016
    },
    "infer_time": {
      "mean": 0.17261338233947748,
      "std": 0.0074495574248622095
    }
  },
  "tail": {
    "auc": {
      "mean": 0.7856079664570231,
      "std": 0.030162500619771385
    },
    "f1": {
      "mean": 0.5676032342761665,
      "std": 0.0650887975024958
    },
    "acc": {
      "mean": 0.7069603599015364,
      "std": 0.04358623174521841
    },
    "mcc": {
      "mean": 0.3489123156647158,
      "std": 0.0973643212719963
    },
    "precision": {
      "mean": 0.5892049081789164,
      "std": 0.08104662592596015
    },
    "recall": {
      "mean": 0.5518518518518519,
      "std": 0.07038657233903202
    },
    "train_time": {
      "mean": 600.2912003517151,
      "std": 9.914882188595067
    },
    "infer_time": {
      "mean": 0.16814384460449214,
      "std": 0.00787508545009791
    }
  }
}