{
  "heart": {
    "front": {
      "auc": {
        "mean": 0.5647222222222222,
        "std": 0.11585897664460791
      },
      "f1": {
        "mean": 0.0,
        "std": 0.0
      },
      "acc": {
        "mean": 0.5555555555555556,
        "std": 0.0
      },
      "mcc": {
        "mean": 0.0,
        "std": 0.0
      },
      "precision": {
        "mean": 0.0,
        "std": 0.0
      },
      "recall": {
        "mean": 0.0,
        "std": 0.0
      },
      "train_time": {
        "mean": 126.41748113632202,
        "std": 0.9175670723211743
      },
      "infer_time": {
        "mean": 0.05755548477172845,
        "std": 0.0026447083136574086
      }
    },
    "middle": {
      "auc": {
        "mean": 0.8841666666666667,
        "std": 0.060429277100294665
      },
      "f1": {
        "mean": 0.8120845903578824,
        "std": 0.07509819810476871
      },
      "acc": {
        "mean": 0.8333333333333333,
        "std": 0.06415002990995843
      },
      "mcc": {
        "mean": 0.6632127462916139,
        "std": 0.13086836406686275
      },
      "precision": {
        "mean": 0.8087505827505828,
        "std": 0.06457226577398302
      },
      "recall": {
        "mean": 0.8166666666666668,
        "std": 0.08975274678557504
      },
      "train_time": {
        "mean": 208.31218781471253,
        "std": 7.810216212774721
      },
      "infer_time": {
        "mean": 0.06351804733276359,
        "std": 0.010848527169269408
      }
    },
    "tail": {
      "auc": {
        "mean": 0.8844444444444445,
        "std": 0.07226174132457135
      },
      "f1": {
        "mean": 0.7989263910692481,
        "std": 0.07279825661409065
      },
      "acc": {
        "mean": 0.8185185185185185,
        "std": 0.06968476934158067
      },
      "mcc": {
        "mean": 0.6356831417001159,
        "std": 0.1371059419983794
      },
      "precision": {
        "mean": 0.7928095238095239,
        "std": 0.08074095640266049
      },
      "recall": {
        "mean": 0.8083333333333332,
        "std": 0.07728015412913085
      },
      "train_time": {
        "mean": 382.0491670608521,
        "std": 337.477831034606
      },
      "infer_time": {
        "mean": 0.05837445259094236,
        "std": 0.0036343795774742673
      }
    }
  },
  "pima": {
    "front": {
      "auc": {
        "mean": 0.5869252271139064,
        "std": 0.03442387566366261
      },
      "f1": {
        "mean": 0.08062343358395987,
        "std": 0.05103006504830809
      },
      "acc": {
        "mean": 0.6562431033019268,
        "std": 0.007817787726883301
      },
      "mcc": {
        "mean": 0.08872018261139838,
        "std": 0.061985264772485484
      },
      "precision": {
        "mean": 0.5575757575757575,
        "std": 0.3289519210936221
      },
      "recall": {
        "mean": 0.044933612858141125,
        "std": 0.03061689973628261
      },
      "train_time": {
        "mean": 470.5553824901581,
        "std": 207.60542606424738
      },
      "infer_time": {
        "mean": 0.1685024261474609,
        "std": 0.009396470864996589
      }
    },
    "middle": {
      "auc": {
        "mean": 0.7819881201956674,
        "std": 0.03360739141756072
      },
      "f1": {
        "mean": 0.5696433725005153,
        "std": 0.0669987226371356
      },
      "acc": {
        "mean": 0.7134538663950429,
        "std": 0.04332239970087396
      },
      "mcc": {
        "mean": 0.3584167695385867,
        "std": 0.0984114617798945
      },
      "precision": {
        "mean": 0.6012971823498139,
        "std": 0.07902357055354278
      },
      "recall": {
        "mean": 0.5445842068483577,
        "std": 0.07149588086014383
      },
      "train_time": {
        "mean": 611.1282207012176,
        "std": 17.03620369463016
      },
      "infer_time": {
        "mean": 0.17261338233947748,
        "std": 0.0074495574248622095
      }
    },
    "tail": {
      "auc": {
        "mean": 0.7856079664570231,
        "std": 0.030162500619771385
      },
      "f1": {
        "mean": 0.5676032342761665,
        "std": 0.0650887975024958
      },
      "acc": {
        "mean": 0.7069603599015364,
        "std": 0.04358623174521841
      },
      "mcc": {
        "mean": 0.3489123156647158,
        "std": 0.0973643212719963
      },
      "precision": {
        "mean": 0.5892049081789164,
        "std": 0.08104662592596015
      },
      "recall": {
        "mean": 0.5518518518518519,
        "std": 0.07038657233903202
      },
      "train_time": {
        "mean": 600.2912003517151,
        "std": 9.914882188595067
      },
      "infer_time": {
        "mean": 0.16814384460449214,
        "std": 0.00787508545009791
      }
    }
  }
}