{
  "student_classic": {
    "auc": {
      "mean": 0.9943,
      "std": 0.0059
    },
    "f1": {
      "mean": 0.9432,
      "std": 0.0277
    },
    "acc": {
      "mean": 0.9579,
      "std": 0.0203
    },
    "mcc": {
      "mean": 0.9126,
      "std": 0.0418
    },
    "train_time": {
      "mean": 0.22,
      "std": 0.039999999999999994
    }
  },
  "student_classic_kd": {
    "auc": {
      "mean": 0.9931,
      "std": 0.006
    },
    "f1": {
      "mean": 0.9419,
      "std": 0.0212
    },
    "acc": {
      "mean": 0.9561,
      "std": 0.0175
    },
    "mcc": {
      "mean": 0.9094,
      "std": 0.035
    },
    "train_time": {
      "mean": 0.5,
      "std": 0.0
    }
  },
  "student_hybrid_nokd": {
    "auc": {
      "mean": 0.9896,
      "std": 0.0105
    },
    "f1": {
      "mean": 0.9442,
      "std": 0.022
    },
    "acc": {
      "mean": 0.9579,
      "std": 0.017
    },
    "mcc": {
      "mean": 0.9129,
      "std": 0.0343
    },
    "train_time": {
      "mean": 330.46,
      "std": 82.42564164142128
    }
  },
  "student_hybrid_kd": {
    "auc": {
      "mean": 0.9931,
      "std": 0.0054
    },
    "f1": {
      "mean": 0.9395,
      "std": 0.0152
    },
    "acc": {
      "mean": 0.9543,
      "std": 0.0128
    },
    "mcc": {
      "mean": 0.9057,
      "std": 0.0249
    },
    "train_time": {
      "mean": 276.46000000000004,
      "std": 21.33209788089301
    }
  }
}