{
  "auc": {
    "mean": 0.7717462686567164,
    "std": 0.03467164179104476
  },
  "f1": {
    "mean": 0.4272916666666666,
    "std": 0.06270833333333334
  },
  "acc": {
    "mean": 0.7083333333333333,
    "std": 0.026041666666666685
  },
  "mcc": {
    "mean": 0.30064166015318383,
    "std": 0.07543323106030035
  },
  "precision": {
    "mean": 0.6729362591431557,
    "std": 0.06948798328108674
  },
  "recall": {
    "mean": 0.31343283582089554,
    "std": 0.052238805970149266
  },
  "train_time": {
    "mean": 0.0375065803527832,
    "std": 0.023384571075439453
  },
  "infer_time": {
    "mean": 3.7670135498046875e-05,
    "std": 4.76837158203125e-07
  }
}