{
  "auc": {
    "mean": 0.9938662119140336,
    "std": 0.004959932674016219
  },
  "f1": {
    "mean": 0.9415817782493585,
    "std": 0.014933973569945228
  },
  "acc": {
    "mean": 0.9560937742586555,
    "std": 0.012339688646904016
  },
  "mcc": {
    "mean": 0.9089320490233442,
    "std": 0.02443102760546828
  },
  "precision": {
    "mean": 0.9435951991271141,
    "std": 0.049633239971693215
  },
  "recall": {
    "mean": 0.9435215946843855,
    "std": 0.04078402934066153
  },
  "train_time": {
    "mean": 0.2948246955871582,
    "std": 0.0169353417954677
  },
  "infer_time": {
    "mean": 3.080368041992187e-05,
    "std": 4.376523554070956e-06
  }
}