{
  "train": {
    "split": "train",
    "num_samples": 2276,
    "mean_entropy_bits": 0.09683888405561447,
    "median_entropy_bits": 0.0055112214758992195,
    "std_entropy_bits": 0.21974532306194305,
    "min_entropy_bits": 2.139341813744977e-05,
    "max_entropy_bits": 0.9999998807907104,
    "frac_abs_p_minus_0_5_gt_0_45": 0.8967486818980668
  },
  "val": {
    "split": "val",
    "num_samples": 569,
    "mean_entropy_bits": 0.10034788399934769,
    "median_entropy_bits": 0.0050256517715752125,
    "std_entropy_bits": 0.22714410722255707,
    "min_entropy_bits": 2.139341813744977e-05,
    "max_entropy_bits": 0.9967491030693054,
    "frac_abs_p_minus_0_5_gt_0_45": 0.8963093145869947
  }
}