{
  "heart_student_classic_full": {
    "auc": {
      "mean": 0.8877777777777778,
      "std": 0.055168093301459296
    },
    "f1": {
      "mean": 0.8069727891156463,
      "std": 0.07057105938480905
    },
    "acc": {
      "mean": 0.8333333333333333,
      "std": 0.05972042776517446
    },
    "mcc": {
      "mean": 0.6642602469200656,
      "std": 0.12083993495088859
    },
    "precision": {
      "mean": 0.8287777777777776,
      "std": 0.0696529314831582
    },
    "recall": {
      "mean": 0.7916666666666666,
      "std": 0.09501461875826149
    },
    "train_time": {
      "mean": 0.11771435737609856,
      "std": 0.0034401508877510926
    },
    "infer_time": {
      "mean": 3.504753112792969e-05,
      "std": 1.0446978712180444e-06
    }
  },
  "heart_student_classic_kd_full": {
    "auc": {
      "mean": 0.8891666666666668,
      "std": 0.047020812308205144
    },
    "f1": {
      "mean": 0.8030605665864025,
      "std": 0.07266329895184936
    },
    "acc": {
      "mean": 0.8296296296296297,
      "std": 0.059027323890774905
    },
    "mcc": {
      "mean": 0.654692747717043,
      "std": 0.12049731951589941
    },
    "precision": {
      "mean": 0.817159420289855,
      "std": 0.05353002875168153
    },
    "recall": {
      "mean": 0.7916666666666666,
      "std": 0.09501461875826149
    },
    "train_time": {
      "mean": 0.22038493156433106,
      "std": 0.0036025833352309553
    },
    "infer_time": {
      "mean": 4.00543212890625e-05,
      "std": 3.6843192619479865e-06
    }
  },
  "heart_student_hybrid_nokd_full": {
    "auc": {
      "mean": 0.8736111111111111,
      "std": 0.0703770708310983
    },
    "f1": {
      "mean": 0.7841097308488613,
      "std": 0.08599369597986756
    },
    "acc": {
      "mean": 0.8074074074074075,
      "std": 0.07995197461082555
    },
    "mcc": {
      "mean": 0.6116410055956267,
      "std": 0.1595424665954477
    },
    "precision": {
      "mean": 0.7871077441077441,
      "std": 0.09461379895700917
    },
    "recall": {
      "mean": 0.7833333333333333,
      "std": 0.08498365855987976
    },
    "train_time": {
      "mean": 221.47805943489075,
      "std": 4.683033389978532
    },
    "infer_time": {
      "mean": 0.06461634635925291,
      "std": 0.006865376151937802
    }
  },
  "heart_student_hybrid_kd_full": {
    "auc": {
      "mean": 0.8856944444444445,
      "std": 0.053279052238261536
    },
    "f1": {
      "mean": 0.796785883641153,
      "std": 0.07601510354077061
    },
    "acc": {
      "mean": 0.8185185185185185,
      "std": 0.06968476934158066
    },
    "mcc": {
      "mean": 0.6340073026713937,
      "std": 0.13916397840977499
    },
    "precision": {
      "mean": 0.7954005270092226,
      "std": 0.07841334215377459
    },
    "recall": {
      "mean": 0.8,
      "std": 0.08079466429027214
    },
    "train_time": {
      "mean": 214.07992663383484,
      "std": 9.03523104602172
    },
    "infer_time": {
      "mean": 0.06249551773071286,
      "std": 0.0017511841382519147
    }
  }
}