{
  "auc": {
    "mean": 0.8894444444444444,
    "std": 0.05428121790531189
  },
  "f1": {
    "mean": 0.793159420289855,
    "std": 0.07741521912433558
  },
  "acc": {
    "mean": 0.8148148148148149,
    "std": 0.07027283689263063
  },
  "mcc": {
    "mean": 0.6265776696773939,
    "std": 0.1414886002881393
  },
  "precision": {
    "mean": 0.7878787878787878,
    "std": 0.07641302433650292
  },
  "recall": {
    "mean": 0.8,
    "std": 0.08498365855987973
  },
  "train_time": {
    "mean": 0.1548940658569336,
    "std": 0.0215446112589494
  },
  "infer_time": {
    "mean": 2.7799606323242186e-05,
    "std": 2.11427681707338e-06
  }
}