{
  "wdbc10_student_classic": {
    "auc": {
      "mean": 0.9947210197210197,
      "std": 0.008090588589145202
    },
    "f1": {
      "mean": 0.9404876371825447,
      "std": 0.04058002149911365
    },
    "acc": {
      "mean": 0.956140350877193,
      "std": 0.029617443887954596
    },
    "mcc": {
      "mean": 0.909991521833069,
      "std": 0.059845834862645296
    },
    "precision": {
      "mean": 0.9546666666666667,
      "std": 0.06331929669013495
    },
    "recall": {
      "mean": 0.9335497835497835,
      "std": 0.07133044552056526
    },
    "train_time": {
      "mean": 0.26884167194366454,
      "std": 0.004882314084329303
    },
    "infer_time": {
      "mean": 3.316402435302734e-05,
      "std": 1.550454186238204e-06
    }
  },
  "wdbc10_student_classic_kd": {
    "auc": {
      "mean": 0.9940596440596441,
      "std": 0.008960104279044787
    },
    "f1": {
      "mean": 0.9408044429942626,
      "std": 0.037170807059926446
    },
    "acc": {
      "mean": 0.956140350877193,
      "std": 0.027460483934207927
    },
    "mcc": {
      "mean": 0.9086399212216992,
      "std": 0.05706979393630379
    },
    "precision": {
      "mean": 0.9522487922705313,
      "std": 0.0561881464633117
    },
    "recall": {
      "mean": 0.9337662337662337,
      "std": 0.05729351777165611
    },
    "train_time": {
      "mean": 0.5069464683532715,
      "std": 0.007321859628161837
    },
    "infer_time": {
      "mean": 3.600120544433594e-05,
      "std": 1.4502435994859265e-06
    }
  },
  "wdbc10_student_hybrid_nokd_tail": {
    "auc": {
      "mean": 0.9858585858585858,
      "std": 0.017050547766246895
    },
    "f1": {
      "mean": 0.9462121514910262,
      "std": 0.04343777031811612
    },
    "acc": {
      "mean": 0.9596491228070174,
      "std": 0.03239681633792875
    },
    "mcc": {
      "mean": 0.91605936955131,
      "std": 0.06816325358309493
    },
    "precision": {
      "mean": 0.9479056732740944,
      "std": 0.061730197877557826
    },
    "recall": {
      "mean": 0.9478354978354979,
      "std": 0.05410779199824998
    },
    "train_time": {
      "mean": 873.0821005344391,
      "std": 769.2307328641243
    },
    "infer_time": {
      "mean": 0.06049511432647699,
      "std": 0.0032264017176976663
    }
  },
  "wdbc10_student_hybrid_kd_tail": {
    "auc": {
      "mean": 0.9926094276094275,
      "std": 0.009491816931631843
    },
    "f1": {
      "mean": 0.943690544358625,
      "std": 0.03810346522501031
    },
    "acc": {
      "mean": 0.9596491228070176,
      "std": 0.02608082236371666
    },
    "mcc": {
      "mean": 0.915673588083593,
      "std": 0.0541100909929103
    },
    "precision": {
      "mean": 0.9692588932806323,
      "std": 0.04278129959705727
    },
    "recall": {
      "mean": 0.9242424242424242,
      "std": 0.07144824601135157
    },
    "train_time": {
      "mean": 562.9654189825058,
      "std": 159.36853960687847
    },
    "infer_time": {
      "mean": 0.062086510658264114,
      "std": 0.0021999318069298095
    }
  }
}