{
  "auc": {
    "mean": 0.9936676286676287,
    "std": 0.008990033136303551
  },
  "f1": {
    "mean": 0.9435040059780025,
    "std": 0.03099554731953374
  },
  "acc": {
    "mean": 0.9578947368421054,
    "std": 0.02379764906359744
  },
  "mcc": {
    "mean": 0.9126993918133204,
    "std": 0.048792450489165626
  },
  "precision": {
    "mean": 0.9529090909090909,
    "std": 0.05575744400511444
  },
  "recall": {
    "mean": 0.9385281385281384,
    "std": 0.052120924478934766
  },
  "train_time": {
    "mean": 0.31504311561584475,
    "std": 0.007197497652988006
  },
  "infer_time": {
    "mean": 2.830028533935547e-05,
    "std": 4.371650243923027e-06
  }
}