{
  "pima_student_classic_full": {
    "auc": {
      "mean": 0.781638714185884,
      "std": 0.029002841138993422
    },
    "f1": {
      "mean": 0.575246258460014,
      "std": 0.08207108874743349
    },
    "acc": {
      "mean": 0.7225617519735168,
      "std": 0.039626300394026565
    },
    "mcc": {
      "mean": 0.3773972326311642,
      "std": 0.09829924158165095
    },
    "precision": {
      "mean": 0.6192535614846052,
      "std": 0.08223590075993462
    },
    "recall": {
      "mean": 0.5480083857442348,
      "std": 0.10678538216590674
    },
    "train_time": {
      "mean": 0.32256855964660647,
      "std": 0.005837966276414008
    },
    "infer_time": {
      "mean": 3.948211669921875e-05,
      "std": 1.435271925286523e-06
    }
  },
  "pima_student_classic_kd_full": {
    "auc": {
      "mean": 0.7781090146750524,
      "std": 0.034643234218439956
    },
    "f1": {
      "mean": 0.57014911387421,
      "std": 0.07207438224239598
    },
    "acc": {
      "mean": 0.7186741363211953,
      "std": 0.03700950799323448
    },
    "mcc": {
      "mean": 0.36649477712883133,
      "std": 0.0913580745504692
    },
    "precision": {
      "mean": 0.6102073140094963,
      "std": 0.07000952776308886
    },
    "recall": {
      "mean": 0.5406009783368274,
      "std": 0.08913795869310882
    },
    "train_time": {
      "mean": 0.599971342086792,
      "std": 0.01902838030266125
    },
    "infer_time": {
      "mean": 3.8576126098632815e-05,
      "std": 3.6762877020638243e-06
    }
  },
  "pima_student_hybrid_nokd_full": {
    "auc": {
      "mean": 0.7793029350104822,
      "std": 0.028607356846374214
    },
    "f1": {
      "mean": 0.5941358524516419,
      "std": 0.0653020544845192
    },
    "acc": {
      "mean": 0.7056956115779645,
      "std": 0.03546563173229509
    },
    "mcc": {
      "mean": 0.3689833708915365,
      "std": 0.08664662652669004
    },
    "precision": {
      "mean": 0.5711173485230097,
      "std": 0.04353885341765136
    },
    "recall": {
      "mean": 0.6268343815513627,
      "std": 0.10890195573715188
    },
    "train_time": {
      "mean": 606.6917119026184,
      "std": 100.33081477452087
    },
    "infer_time": {
      "mean": 0.1651965141296386,
      "std": 0.0012633826971521483
    }
  },
  "pima_student_hybrid_kd_full": {
    "auc": {
      "mean": 0.7852278127183786,
      "std": 0.0333546908300981
    },
    "f1": {
      "mean": 0.5799760789896388,
      "std": 0.07002548414105614
    },
    "acc": {
      "mean": 0.7291146761734998,
      "std": 0.03667179292499957
    },
    "mcc": {
      "mean": 0.38608586563921715,
      "std": 0.09079285750382585
    },
    "precision": {
      "mean": 0.6301109123434705,
      "std": 0.06696575602110942
    },
    "recall": {
      "mean": 0.5407407407407407,
      "std": 0.08265342253432324
    },
    "train_time": {
      "mean": 617.3312387943267,
      "std": 14.208049554628817
    },
    "infer_time": {
      "mean": 0.1684792041778564,
      "std": 0.002288585049937181
    }
  }
}