{
  "auc": {
    "mean": 0.781669461914745,
    "std": 0.03356538642590373
  },
  "f1": {
    "mean": 0.5705752764055517,
    "std": 0.06414595975474949
  },
  "acc": {
    "mean": 0.71869111280876,
    "std": 0.03324859716949363
  },
  "mcc": {
    "mean": 0.36712584740211185,
    "std": 0.08168897153794603
  },
  "precision": {
    "mean": 0.611326141440558,
    "std": 0.06524722265274277
  },
  "recall": {
    "mean": 0.5408106219426975,
    "std": 0.0840416681247358
  },
  "train_time": {
    "mean": 0.3927021503448486,
    "std": 0.015150567497519573
  },
  "infer_time": {
    "mean": 3.275871276855469e-05,
    "std": 2.11427681707338e-06
  }
}